mountain,route,issueType,severity,currentValue,recommendedAction
tanzawa 丹沢山,,未移行（旧構造）,P2,山単位の登山口・アクセス,新構造（ルート→登山口→アクセス）へ移行
tanzawa 丹沢山,大倉〜塔ノ岳〜丹沢山（往復）・塩水橋ルート（周回）・堂平ルート,コース定数が上部表示の範囲外,P2,"上部28〜35 / ルート[43, 26, 22]",ルートの値を正として上部表示を自動生成
tanzawa 丹沢山,,旧い自由記述（trainInfo）が残存,P3,新宿→渋沢（小田急小田原線・約1時間13分/700円）→大倉バス停（神奈川中央交通バス約15分/270円）,経路データから生成に切替
fuji 富士山,富士宮ルート,登山口の座標が未確認,P1,"富士宮口五合目 35.336923,138.732619",一次情報で座標を確認
fuji 富士山,富士宮ルート,電車・バス経路が未作成,P1,富士宮口五合目へのアクセス,公式情報で経路・運賃を確認して作成
fuji 富士山,富士宮ルート,運行期間が終了（今季は利用不可・来季の再確認が必要）,P1,2026-07-10〜2026-09-10,来季の運行情報が出たら更新
fuji 富士山,吉田口ルート,登山口の座標が未確認,P1,"富士スバルライン五合目（吉田口） None,None",一次情報で座標を確認
fuji 富士山,吉田口ルート,アクセスに未確認項目あり,P1,吉田ルートの2026年の開山期間,運行期間などを公式情報で確認
fuji 富士山,吉田口ルート,運行期間が終了（今季は利用不可・来季の再確認が必要）,P1,2026-07-01〜2026-09-10,来季の運行情報が出たら更新
tsukuba 筑波山,,未移行（旧構造）,P2,山単位の登山口・アクセス,新構造（ルート→登山口→アクセス）へ移行
tsukuba 筑波山,御幸ヶ原コース（往復）,コース定数が上部表示の範囲外,P2,"上部16〜19 / ルート[14, 16]",ルートの値を正として上部表示を自動生成
tsukuba 筑波山,,登山口名がどのルートにも出てこない,P1,"登山口:筑波山神社 / ルート:['御幸ヶ原コース（往復）', '白雲橋コース（周回）']",ルートごとに登山口を紐付け（要確認）
kumotori 雲取山,,未移行（旧構造）,P2,山単位の登山口・アクセス,新構造（ルート→登山口→アクセス）へ移行
kumotori 雲取山,鴨沢ルート（往復）・三峯ルート（往復）,コース定数が上部表示の範囲外,P2,"上部43〜54 / ルート[36, 35]",ルートの値を正として上部表示を自動生成
kumotori 雲取山,,旧い自由記述（trainInfo）が残存,P3,新宿→奥多摩駅（青梅線約90分）→バス約20分,経路データから生成に切替
amagi 天城山,,未移行（旧構造）,P2,山単位の登山口・アクセス,新構造（ルート→登山口→アクセス）へ移行
amagi 天城山,,登山口名がどのルートにも出てこない,P1,"登山口:天城高原ゴルフ場 / ルート:['万二郎岳〜万三郎岳周回', '万三郎岳往復']",ルートごとに登山口を紐付け（要確認）
amagi 天城山,,電車ルートの終点と登山口が不一致,P0,終点:天城縦走登山口 / 登山口:天城高原ゴルフ場,ルート別にアクセスを分ける
amagi 天城山,,旧い自由記述（trainInfo）が残存,P3,"新宿→伊東（特急踊り子・約100分/3,890円）→天城縦走登山口（東海バス約55分/1,340円）",経路データから生成に切替
okutama 大菩薩嶺,上日川峠〜大菩薩峠周回,アクセスに未確認項目あり,P1,栄和交通「大菩薩上日川峠線」の2026年の運行期間（土日祝中心・一部平日）,運行期間などを公式情報で確認
okutama 大菩薩嶺,裂石温泉ルート,電車・バス経路が未作成,P1,裂石（大菩薩峠登山口）へのアクセス,公式情報で経路・運賃を確認して作成
okutama 大菩薩嶺,裂石温泉ルート,アクセスの出典URLなし,P2,裂石（大菩薩峠登山口）へのアクセス,出典を保存
ryokami 両神山,,未移行（旧構造）,P2,山単位の登山口・アクセス,新構造（ルート→登山口→アクセス）へ移行
ryokami 両神山,日向大谷口ルート（往復）,コース定数が上部表示の範囲外,P2,上部32〜32 / ルート[30],ルートの値を正として上部表示を自動生成
ryokami 両神山,,旧い自由記述（trainInfo）が残存,P3,"新宿→池袋（JR埼京線・約9分/170円）→西武秩父（特急ちちぶ・約100分/1,686円）→日向大谷口（小鹿野町営バス約60分・薬師の湯乗継/500円）",経路データから生成に切替
kobushigatake 甲武信ヶ岳,,未移行（旧構造）,P2,山単位の登山口・アクセス,新構造（ルート→登山口→アクセス）へ移行
kobushigatake 甲武信ヶ岳,毛木平ルート（往復）・西沢渓谷ルート（往復）,コース定数が上部表示の範囲外,P2,"上部42〜49 / ルート[31, 39]",ルートの値を正として上部表示を自動生成
kobushigatake 甲武信ヶ岳,,旧い自由記述（trainInfo）が残存,P3,"新宿→小淵沢（特急あずさ・約1時間52分/5,430円）→信濃川上（JR小海線・約1時間/約950円）→梓山（川上村営バス約25分/550円）→毛木平（徒歩約1",経路データから生成に切替
mizugaki 瑞牆山,,未移行（旧構造）,P2,山単位の登山口・アクセス,新構造（ルート→登山口→アクセス）へ移行
mizugaki 瑞牆山,瑞牆山荘ルート（往復）・富士見平〜大ヤスリ岩周回,コース定数が上部表示の範囲外,P2,"上部24〜25 / ルート[20, 21]",ルートの値を正として上部表示を自動生成
mizugaki 瑞牆山,,電車ルートの終点と登山口が不一致,P0,終点:みずがき山荘（4〜11月季節運行） / 登山口:瑞牆山荘,ルート別にアクセスを分ける
mizugaki 瑞牆山,,旧い自由記述（trainInfo）が残存,P3,"新宿→韮崎（特急あずさ・約1時間35分/4,330円）→みずがき山荘（山梨峡北交通「韮崎瑞牆線」約1時間15分・季節運行/2,500円）",経路データから生成に切替
akagi 赤城山,,未移行（旧構造）,P2,山単位の登山口・アクセス,新構造（ルート→登山口→アクセス）へ移行
akagi 赤城山,地蔵岳ピストン・長七郎山〜小地蔵岳 周回,コース定数が上部表示の範囲外,P2,"上部10〜20 / ルート[14, 7, 9]",ルートの値を正として上部表示を自動生成
akagi 赤城山,,登山口名がどのルートにも出てこない,P1,"登山口:黒檜山登山口 / ルート:['黒檜山・駒ヶ岳 周回コース（定番）', '地蔵岳ピストン', '長七郎山〜小地蔵岳 周回']",ルートごとに登山口を紐付け（要確認）
akagi 赤城山,,電車ルートの終点と登山口が不一致,P0,終点:あかぎ広場前（赤城山ビジターセンター建替え工事のため終点） / 登山口:黒檜山登山口,ルート別にアクセスを分ける
akagi 赤城山,,旧い自由記述（trainInfo）が残存,P3,新宿→高崎（新幹線約50分）→前橋（両毛線約15分）→バス約75分（土日直通）,経路データから生成に切替
kinpusan 金峰山,廻り目平ルート（往復）,登山口の座標が未確認,P1,"廻り目平 None,None",一次情報で座標を確認
kinpusan 金峰山,廻り目平ルート（往復）,電車・バス経路が未作成,P1,廻り目平へのアクセス,公式情報で経路・運賃を確認して作成
kinpusan 金峰山,廻り目平ルート（往復）,アクセスの出典URLなし,P2,廻り目平へのアクセス,出典を保存
houou 鳳凰山,,未移行（旧構造）,P2,山単位の登山口・アクセス,新構造（ルート→登山口→アクセス）へ移行
houou 鳳凰山,夜叉神峠ルート（往復）・青木鉱泉ルート（周回）,コース定数が上部表示の範囲外,P2,"上部50〜57 / ルート[40, 45]",ルートの値を正として上部表示を自動生成
houou 鳳凰山,,登山口名がどのルートにも出てこない,P1,"登山口:夜叉神峠登山口 / ルート:['夜叉神峠ルート（往復）', '青木鉱泉ルート（周回）']",ルートごとに登山口を紐付け（要確認）
houou 鳳凰山,,旧い自由記述（trainInfo）が残存,P3,"新宿→甲府（特急あずさ・約1時間30分/3,890円）→夜叉神峠登山口（山梨交通バス約45分/1,760円）",経路データから生成に切替
nantaisan 男体山,,未移行（旧構造）,P2,山単位の登山口・アクセス,新構造（ルート→登山口→アクセス）へ移行
nantaisan 男体山,二荒山神社ルート（往復）・志津乗越ルート（往復）,コース定数が上部表示の範囲外,P2,"上部21〜27 / ルート[28, 20]",ルートの値を正として上部表示を自動生成
nantaisan 男体山,,旧い自由記述（trainInfo）が残存,P3,新宿→東武日光駅（特急約130分）→バス約10分,経路データから生成に切替
kitadake 北岳,,未移行（旧構造）,P2,山単位の登山口・アクセス,新構造（ルート→登山口→アクセス）へ移行
kitadake 北岳,,旧い自由記述（trainInfo）が残存,P3,"新宿→甲府（特急あずさ・約1時間30分/3,890円）→広河原（山梨交通バス約2時間・利用者協力金含む/2,700円）※マイカー規制のためバス必須",経路データから生成に切替
keirisan 蓼科山,,未移行（旧構造）,P2,山単位の登山口・アクセス,新構造（ルート→登山口→アクセス）へ移行
keirisan 蓼科山,七合目登山口ルート（往復）,コース定数が上部表示の範囲外,P2,"上部18〜24 / ルート[21, 16]",ルートの値を正として上部表示を自動生成
keirisan 蓼科山,,旧い自由記述（trainInfo）が残存,P3,新宿→茅野駅（中央線特急約90分）→バス約30分,経路データから生成に切替
kirigamine 霧ヶ峰,,未移行（旧構造）,P2,山単位の登山口・アクセス,新構造（ルート→登山口→アクセス）へ移行
kirigamine 霧ヶ峰,車山周回コース・八島ヶ原湿原コース,コース定数が上部表示の範囲外,P2,"上部14〜16 / ルート[9, 10]",ルートの値を正として上部表示を自動生成
kirigamine 霧ヶ峰,,登山口名がどのルートにも出てこない,P1,"登山口:霧ヶ峰高原 / ルート:['車山周回コース', '八島ヶ原湿原コース']",ルートごとに登山口を紐付け（要確認）
kirigamine 霧ヶ峰,,旧い自由記述（trainInfo）が残存,P3,新宿→茅野駅（中央線特急約90分）→バス約30分,経路データから生成に切替
asama 浅間山,,未移行（旧構造）,P2,山単位の登山口・アクセス,新構造（ルート→登山口→アクセス）へ移行
asama 浅間山,表コース（往復）・中コース（往復）,コース定数が上部表示の範囲外,P2,"上部27〜35 / ルート[23, 21]",ルートの値を正として上部表示を自動生成
asama 浅間山,,登山口名がどのルートにも出てこない,P1,"登山口:車坂峠 / ルート:['表コース（往復）', '中コース（往復）']",ルートごとに登山口を紐付け（要確認）
asama 浅間山,,旧い自由記述（trainInfo）が残存,P3,"バスタ新宿→車坂峠（高峰高原ホテル前）直通高速バス「JRバス関東」約3時間5分/3,100円",経路データから生成に切替
tanigawa 谷川岳,西黒尾根ルート（往復）,登山口の座標が未確認,P1,"西黒尾根登山口 None,None",一次情報で座標を確認
tanigawa 谷川岳,西黒尾根ルート（往復）,電車・バス経路が未作成,P1,西黒尾根登山口へのアクセス,公式情報で経路・運賃を確認して作成
tanigawa 谷川岳,西黒尾根ルート（往復）,アクセスの出典URLなし,P2,西黒尾根登山口へのアクセス,出典を保存
nasu 那須岳,,未移行（旧構造）,P2,山単位の登山口・アクセス,新構造（ルート→登山口→アクセス）へ移行
nasu 那須岳,茶臼岳周回コース,コース定数が上部表示の範囲外,P2,"上部15〜30 / ルート[13, 23]",ルートの値を正として上部表示を自動生成
nasu 那須岳,,登山口名がどのルートにも出てこない,P1,"登山口:峠の茶屋 / ルート:['茶臼岳周回コース', '三本槍岳縦走コース']",ルートごとに登山口を紐付け（要確認）
nasu 那須岳,,旧い自由記述（trainInfo）が残存,P3,新宿→那須塩原駅（新幹線約70分）→バス約30分,経路データから生成に切替
nikko_shirane 日光白根山,ロープウェイ〜山頂往復,登山口の座標が未確認,P1,"丸沼高原ロープウェイ山頂駅 None,None",一次情報で座標を確認
nikko_shirane 日光白根山,菅沼ルート（往復）,登山口の座標が未確認,P1,"菅沼登山口 None,None",一次情報で座標を確認
nikko_shirane 日光白根山,菅沼ルート（往復）,電車・バス経路が未作成,P1,菅沼登山口へのアクセス,公式情報で経路・運賃を確認して作成
nikko_shirane 日光白根山,菅沼ルート（往復）,アクセスの出典URLなし,P2,菅沼登山口へのアクセス,出典を保存
takeson 武尊山,,未移行（旧構造）,P2,山単位の登山口・アクセス,新構造（ルート→登山口→アクセス）へ移行
takeson 武尊山,川場スキー場リフト利用ルート・オグナほたかスキー場ルート,コース定数が上部表示の範囲外,P2,"上部29〜38 / ルート[19, 27]",ルートの値を正として上部表示を自動生成
komagatake 甲斐駒ヶ岳,黒戸尾根ルート（往復）,登山口の座標が未確認,P1,"竹宇駒ヶ岳神社（尾白川渓谷駐車場） None,None",一次情報で座標を確認
komagatake 甲斐駒ヶ岳,黒戸尾根ルート（往復）,電車・バス経路が未作成,P1,竹宇駒ヶ岳神社へのアクセス（黒戸尾根）,公式情報で経路・運賃を確認して作成
komagatake 甲斐駒ヶ岳,黒戸尾根ルート（往復）,アクセスの出典URLなし,P2,竹宇駒ヶ岳神社へのアクセス（黒戸尾根）,出典を保存
shirouma 白馬岳,白馬大雪渓ルート（往復）,アクセスに未確認項目あり,P1,猿倉線の2026年の運行日は公式時刻表で確認,運行期間などを公式情報で確認
shirouma 白馬岳,栂池高原ルート（往復）,電車・バス経路が未作成,P1,栂池自然園へのアクセス（ゴンドラ・ロープウェイ）,公式情報で経路・運賃を確認して作成
shirouma 白馬岳,栂池高原ルート（往復）,アクセスの出典URLなし,P2,栂池自然園へのアクセス（ゴンドラ・ロープウェイ）,出典を保存
norikura 乗鞍岳,畳平〜剣ヶ峰往復,登山口の座標が未確認,P1,"畳平 36.1247548,137.5537662",一次情報で座標を確認
norikura 乗鞍岳,畳平〜剣ヶ峰往復,アクセスに未確認項目あり,P1,乗鞍高原〜畳平シャトルバスの2026年の運行期間。運賃は公式の運賃表で要確認,運行期間などを公式情報で確認
tateyama 立山,,未移行（旧構造）,P2,山単位の登山口・アクセス,新構造（ルート→登山口→アクセス）へ移行
tateyama 立山,室堂〜雄山往復・一ノ越〜大汝山〜真砂岳縦走,コース定数が上部表示の範囲外,P2,"上部22〜35 / ルート[14, 21]",ルートの値を正として上部表示を自動生成
tateyama 立山,,旧い自由記述（trainInfo）が残存,P3,新宿→富山（新幹線約130分）→立山（地鉄約60分）→ケーブル＋高原バス,経路データから生成に切替
tsurugi 剱岳,,未移行（旧構造）,P2,山単位の登山口・アクセス,新構造（ルート→登山口→アクセス）へ移行
tsurugi 剱岳,,登山口名がどのルートにも出てこない,P1,"登山口:室堂 / ルート:['別山尾根ルート（往復）', '早月尾根ルート（往復）']",ルートごとに登山口を紐付け（要確認）
tsurugi 剱岳,,旧い自由記述（trainInfo）が残存,P3,新宿→富山（新幹線約130分）→立山（地鉄約60分）→ケーブル＋高原バス＋徒歩,経路データから生成に切替
yari 槍ヶ岳,上高地〜槍沢ルート（往復）,登山口の座標が未確認,P1,"上高地バスターミナル 36.2487537,137.6380649",一次情報で座標を確認
yari 槍ヶ岳,新穂高〜飛騨沢ルート（往復）,電車・バス経路が未作成,P1,新穂高温泉へのアクセス,公式情報で経路・運賃を確認して作成
yari 槍ヶ岳,新穂高〜飛騨沢ルート（往復）,アクセスの出典URLなし,P2,新穂高温泉へのアクセス,出典を保存
hotaka 奥穂高岳,上高地〜涸沢〜奥穂高岳,登山口の座標が未確認,P1,"上高地バスターミナル 36.2487537,137.6380649",一次情報で座標を確認
hotaka 奥穂高岳,新穂高〜白出沢ルート,電車・バス経路が未作成,P1,新穂高温泉へのアクセス,公式情報で経路・運賃を確認して作成
hotaka 奥穂高岳,新穂高〜白出沢ルート,アクセスの出典URLなし,P2,新穂高温泉へのアクセス,出典を保存
myoko 妙高山,,未移行（旧構造）,P2,山単位の登山口・アクセス,新構造（ルート→登山口→アクセス）へ移行
myoko 妙高山,燕温泉〜北地獄谷ルート（往復）・笹ヶ峰〜黒沢ルート（往復）,コース定数が上部表示の範囲外,P2,"上部43〜46 / ルート[38, 40]",ルートの値を正として上部表示を自動生成
myoko 妙高山,,旧い自由記述（trainInfo）が残存,P3,新宿→上越妙高（新幹線約110分）→妙高高原（トキ鉄約15分）→バス約20分,経路データから生成に切替
makihata 巻機山,,未移行（旧構造）,P2,山単位の登山口・アクセス,新構造（ルート→登山口→アクセス）へ移行
makihata 巻機山,清水ルート（往復）・割引岳経由周回,コース定数が上部表示の範囲外,P2,"上部38〜41 / ルート[31, 34]",ルートの値を正として上部表示を自動生成
makihata 巻機山,,登山口名がどのルートにも出てこない,P1,"登山口:清水登山口 / ルート:['清水ルート（往復）', '割引岳経由周回']",ルートごとに登山口を紐付け（要確認）
makihata 巻機山,,旧い自由記述（trainInfo）が残存,P3,新宿→越後湯沢（新幹線約80分）→六日町（上越線約15分）→タクシー約30分,経路データから生成に切替
iide 飯豊山,,未移行（旧構造）,P2,山単位の登山口・アクセス,新構造（ルート→登山口→アクセス）へ移行
iide 飯豊山,,ルートのコース定数なし,P2,"['川入〜剣ヶ峰〜御西岳縦走', '弥平四郎ルート']",時間・距離・標高差を確認して算出
iide 飯豊山,,電車ルートの終点と登山口が不一致,P0,終点:御沢野営場（登山口） / 登山口:川入,ルート別にアクセスを分ける
shibutsu 至仏山,鳩待峠〜至仏山往復,アクセスに未確認項目あり,P1,戸倉〜鳩待峠の乗合バス・タクシーの2026年の運行期間は未確認,運行期間などを公式情報で確認
shibutsu 至仏山,鳩待峠〜至仏山往復,アクセスの出典URLなし,P2,鳩待峠へのアクセス（戸倉で乗換）,出典を保存
shibutsu 至仏山,山ノ鼻〜至仏山〜鳩待峠縦走,アクセスに未確認項目あり,P1,戸倉〜鳩待峠の乗合バス・タクシーの2026年の運行期間は未確認,運行期間などを公式情報で確認
shibutsu 至仏山,山ノ鼻〜至仏山〜鳩待峠縦走,アクセスの出典URLなし,P2,鳩待峠へのアクセス（戸倉で乗換）,出典を保存
aizu_koma 会津駒ヶ岳,,未移行（旧構造）,P2,山単位の登山口・アクセス,新構造（ルート→登山口→アクセス）へ移行
aizu_koma 会津駒ヶ岳,滝沢登山口〜山頂往復,コース定数が上部表示の範囲外,P2,"上部32〜37 / ルート[29, 32]",ルートの値を正として上部表示を自動生成
shirane_gunma 草津白根山,,未移行（旧構造）,P2,山単位の登山口・アクセス,新構造（ルート→登山口→アクセス）へ移行
shirane_gunma 草津白根山,弓池〜逢ノ峰周回,コース定数が上部表示の範囲外,P2,"上部8〜16 / ルート[7, 16]",ルートの値を正として上部表示を自動生成
shirane_gunma 草津白根山,,旧い自由記述（trainInfo）が残存,P3,新宿→長野原草津口（吾妻線約120分）→バス約30分,経路データから生成に切替
bandai 磐梯山,,未移行（旧構造）,P2,山単位の登山口・アクセス,新構造（ルート→登山口→アクセス）へ移行
bandai 磐梯山,八方台ルート（往復）,コース定数が上部表示の範囲外,P2,"上部22〜33 / ルート[18, 26]",ルートの値を正として上部表示を自動生成
bandai 磐梯山,,旧い自由記述（trainInfo）が残存,P3,新宿→郡山（新幹線約70分）→猪苗代（磐越西線約35分）→バス,経路データから生成に切替
hiuchigatake 燧ヶ岳,御池〜柴安嵓往復,登山口の座標が未確認,P1,"御池 36.9837812,139.3042064",一次情報で座標を確認
hiuchigatake 燧ヶ岳,御池〜柴安嵓往復,アクセスに未確認項目あり,P1,道路の開通日。会津バス檜枝岐線の2026年の運行期間は未確認,運行期間などを公式情報で確認
hiuchigatake 燧ヶ岳,沼山峠〜尾瀬沼〜長英新道,電車・バス経路が未作成,P1,沼山峠へのアクセス（御池からシャトルバス）,公式情報で経路・運賃を確認して作成
takao 高尾山,,未移行（旧構造）,P2,山単位の登山口・アクセス,新構造（ルート→登山口→アクセス）へ移行
takao 高尾山,1号路（薬王院経由）・稲荷山コース,コース定数が上部表示の範囲外,P2,"上部13〜16 / ルート[9, 11]",ルートの値を正として上部表示を自動生成
takao 高尾山,,登山口名がどのルートにも出てこない,P1,"登山口:清滝（1号路） / ルート:['1号路（薬王院経由）', '稲荷山コース']",ルートごとに登山口を紐付け（要確認）
takao 高尾山,,旧い自由記述（trainInfo）が残存,P3,新宿→高尾山口駅（京王線約50分）徒歩5分,経路データから生成に切替
oyama 大山（丹沢）,,未移行（旧構造）,P2,山単位の登山口・アクセス,新構造（ルート→登山口→アクセス）へ移行
oyama 大山（丹沢）,ケーブルカー〜大山山頂（往復）,コース定数が上部表示の範囲外,P2,"上部15〜23 / ルート[13, 21]",ルートの値を正として上部表示を自動生成
oyama 大山（丹沢）,,登山口名がどのルートにも出てこない,P1,"登山口:大山ケーブル駅 / ルート:['ケーブルカー〜大山山頂（往復）', '大山登山口〜山頂（往復）']",ルートごとに登山口を紐付け（要確認）
oyama 大山（丹沢）,,旧い自由記述（trainInfo）が残存,P3,新宿→伊勢原駅（小田急快速急行約57分）→大山ケーブル駅（バス約25分）,経路データから生成に切替
tonosaki 塔ノ岳,,未移行（旧構造）,P2,山単位の登山口・アクセス,新構造（ルート→登山口→アクセス）へ移行
tonosaki 塔ノ岳,大倉尾根ルート（往復）,コース定数が上部表示の範囲外,P2,上部38〜38 / ルート[26],ルートの値を正として上部表示を自動生成
tonosaki 塔ノ岳,,旧い自由記述（trainInfo）が残存,P3,新宿→渋沢駅（小田急約65分）→バス約25分,経路データから生成に切替
hirugata 蛭ヶ岳,,未移行（旧構造）,P2,山単位の登山口・アクセス,新構造（ルート→登山口→アクセス）へ移行
hirugata 蛭ヶ岳,大倉〜塔ノ岳〜蛭ヶ岳（往復）,コース定数が上部表示の範囲外,P2,上部57〜57 / ルート[41],ルートの値を正として上部表示を自動生成
hirugata 蛭ヶ岳,,旧い自由記述（trainInfo）が残存,P3,新宿→渋沢駅（小田急約65分）→バス約30分,経路データから生成に切替
jinba 陣馬山,,未移行（旧構造）,P2,山単位の登山口・アクセス,新構造（ルート→登山口→アクセス）へ移行
jinba 陣馬山,陣馬登山口〜陣馬山（往復）,コース定数が上部表示の範囲外,P2,"上部19〜48 / ルート[14, 29]",ルートの値を正として上部表示を自動生成
jinba 陣馬山,,旧い自由記述（trainInfo）が残存,P3,新宿→藤野駅（中央線約58分）→バス約4分,経路データから生成に切替
kintoki 金時山,,未移行（旧構造）,P2,山単位の登山口・アクセス,新構造（ルート→登山口→アクセス）へ移行
kintoki 金時山,乙女峠ルート（往復）,コース定数が上部表示の範囲外,P2,上部16〜19 / ルート[12],ルートの値を正として上部表示を自動生成
kintoki 金時山,,ルートのコース定数なし,P2,['公時神社〜金時山〜矢倉沢峠'],時間・距離・標高差を確認して算出
kintoki 金時山,,登山口名がどのルートにも出てこない,P1,"登山口:金時神社入口・乙女口（箱根町仙石原） / ルート:['乙女峠ルート（往復）', '公時神社〜金時山〜矢倉沢峠']",ルートごとに登山口を紐付け（要確認）
kintoki 金時山,,旧い自由記述（trainInfo）が残存,P3,新宿（バスタ新宿）→小田急ハイウェイバス約125分→金時登山口,経路データから生成に切替
kayagatake 茅ヶ岳,,未移行（旧構造）,P2,山単位の登山口・アクセス,新構造（ルート→登山口→アクセス）へ移行
kentoku 乾徳山,,未移行（旧構造）,P2,山単位の登山口・アクセス,新構造（ルート→登山口→アクセス）へ移行
kentoku 乾徳山,徳和ルート（往復）・国師ヶ原経由周回,コース定数が上部表示の範囲外,P2,"上部35〜40 / ルート[30, 33]",ルートの値を正として上部表示を自動生成
kentoku 乾徳山,,登山口名がどのルートにも出てこない,P1,"登山口:乾徳山登山口 / ルート:['徳和ルート（往復）', '国師ヶ原経由周回']",ルートごとに登山口を紐付け（要確認）
kentoku 乾徳山,,旧い自由記述（trainInfo）が残存,P3,"新宿→山梨市駅（JR中央線・通常運賃約2,420円）→乾徳山登山口（山梨市営バス約32分・400円）",経路データから生成に切替
hinata 日向山,,未移行（旧構造）,P2,山単位の登山口・アクセス,新構造（ルート→登山口→アクセス）へ移行
hinata 日向山,矢立石ルート（往復）,コース定数が上部表示の範囲外,P2,"上部17〜24 / ルート[14, 20]",ルートの値を正として上部表示を自動生成
hinata 日向山,,登山口名がどのルートにも出てこない,P1,"登山口:矢立石登山口 / ルート:['矢立石ルート（往復）', '錦滝経由周回']",ルートごとに登山口を紐付け（要確認）
bonori 棒ノ折山,,未移行（旧構造）,P2,山単位の登山口・アクセス,新構造（ルート→登山口→アクセス）へ移行
bonori 棒ノ折山,白谷沢ルート（往復）・岩茸石山縦走（周回）,コース定数が上部表示の範囲外,P2,"上部21〜26 / ルート[16, 20]",ルートの値を正として上部表示を自動生成
bonori 棒ノ折山,,登山口名がどのルートにも出てこない,P1,"登山口:白谷沢登山口 / ルート:['白谷沢ルート（往復）', '岩茸石山縦走（周回）']",ルートごとに登山口を紐付け（要確認）
bonori 棒ノ折山,,電車ルートの終点と登山口が不一致,P0,終点:河又名栗湖入口 / 登山口:白谷沢登山口,ルート別にアクセスを分ける
bonori 棒ノ折山,,旧い自由記述（trainInfo）が残存,P3,池袋→飯能駅（西武池袋線約55分）→バス約35分,経路データから生成に切替
otake 大岳山,,未移行（旧構造）,P2,山単位の登山口・アクセス,新構造（ルート→登山口→アクセス）へ移行
otake 大岳山,御嶽山〜大岳山（往復）,コース定数が上部表示の範囲外,P2,上部21〜21 / ルート[15],ルートの値を正として上部表示を自動生成
otake 大岳山,,登山口名がどのルートにも出てこない,P1,登山口:御岳山ケーブル〜御岳山 / ルート:['御嶽山〜大岳山（往復）'],ルートごとに登山口を紐付け（要確認）
otake 大岳山,,電車ルートの終点と登山口が不一致,P0,終点:御岳登山口 / 登山口:御岳山ケーブル〜御岳山,ルート別にアクセスを分ける
otake 大岳山,,旧い自由記述（trainInfo）が残存,P3,新宿→御嶽駅（青梅線約75分）→バス約25分,経路データから生成に切替
jonengatake 常念岳,一ノ沢〜常念岳往復,登山口の座標が未確認,P1,"一ノ沢登山口 36.3328384,137.7764743",一次情報で座標を確認
jonengatake 常念岳,三股〜蝶ヶ岳〜常念岳縦走,登山口の座標が未確認,P1,"三股登山口 None,None",一次情報で座標を確認
jonengatake 常念岳,三股〜蝶ヶ岳〜常念岳縦走,電車・バス経路が未作成,P1,三股登山口へのアクセス,公式情報で経路・運賃を確認して作成
jonengatake 常念岳,三股〜蝶ヶ岳〜常念岳縦走,アクセスの出典URLなし,P2,三股登山口へのアクセス,出典を保存
yakedake 焼岳,,未移行（旧構造）,P2,山単位の登山口・アクセス,新構造（ルート→登山口→アクセス）へ移行
yakedake 焼岳,上高地〜焼岳往復,コース定数が上部表示の範囲外,P2,"上部23〜25 / ルート[23, 20]",ルートの値を正として上部表示を自動生成
yakedake 焼岳,,登山口名がどのルートにも出てこない,P1,"登山口:中の湯温泉 / ルート:['中の湯ルート（往復）', '上高地〜焼岳往復']",ルートごとに登山口を紐付け（要確認）
yakedake 焼岳,,電車ルートの終点と登山口が不一致,P0,終点:中の湯バス停（季節） / 登山口:中の湯温泉,ルート別にアクセスを分ける
kashimayari 鹿島槍ヶ岳,,未移行（旧構造）,P2,山単位の登山口・アクセス,新構造（ルート→登山口→アクセス）へ移行
kashimayari 鹿島槍ヶ岳,,ルートのコース定数なし,P2,"['扇沢〜冷池山荘〜鹿島槍往復', '爺ヶ岳〜鹿島槍縦走']",時間・距離・標高差を確認して算出
kashimayari 鹿島槍ヶ岳,,旧い自由記述（trainInfo）が残存,P3,新宿→松本（特急約150分）→信濃大町（大糸線約30分）→バス約55分＋徒歩,経路データから生成に切替
koganzan 小金沢山,,未移行（旧構造）,P2,山単位の登山口・アクセス,新構造（ルート→登山口→アクセス）へ移行
koganzan 小金沢山,大菩薩峠〜小金沢山縦走（周回）・上日川峠〜大菩薩嶺〜小金沢山,コース定数が上部表示の範囲外,P2,"上部32〜37 / ルート[22, 26]",ルートの値を正として上部表示を自動生成
koganzan 小金沢山,,登山口名がどのルートにも出てこない,P1,"登山口:大菩薩峠〜牛奥ノ雁ヶ腹摺山 / ルート:['大菩薩峠〜小金沢山縦走（周回）', '上日川峠〜大菩薩嶺〜小金沢山']",ルートごとに登山口を紐付け（要確認）
koganzan 小金沢山,,電車ルートの終点と登山口が不一致,P0,終点:上日川峠（土日祝中心） / 登山口:大菩薩峠〜牛奥ノ雁ヶ腹摺山,ルート別にアクセスを分ける
koganzan 小金沢山,,旧い自由記述（trainInfo）が残存,P3,新宿→塩山駅（中央線特急約80分）→バス約30分,経路データから生成に切替
arafune 荒船山,,未移行（旧構造）,P2,山単位の登山口・アクセス,新構造（ルート→登山口→アクセス）へ移行
asamamakurayama 浅間隠山,,未移行（旧構造）,P2,山単位の登山口・アクセス,新構造（ルート→登山口→アクセス）へ移行
asamamakurayama 浅間隠山,二度上峠〜山頂往復,コース定数が上部表示の範囲外,P2,上部14〜14 / ルート[11],ルートの値を正として上部表示を自動生成
kazahariyama 御座山,,未移行（旧構造）,P2,山単位の登山口・アクセス,新構造（ルート→登山口→アクセス）へ移行
kazahariyama 御座山,栗生〜御座山往復,コース定数が上部表示の範囲外,P2,上部26〜26 / ルート[22],ルートの値を正として上部表示を自動生成
kazahariyama 御座山,,登山口名がどのルートにも出てこない,P1,登山口:栗生登山口 / ルート:['栗生〜御座山往復'],ルートごとに登山口を紐付け（要確認）
kazahariyama 御座山,,電車ルートの終点と登山口が不一致,P0,終点:白岩 / 登山口:栗生登山口,ルート別にアクセスを分ける
iwasugesan 岩菅山,,未移行（旧構造）,P2,山単位の登山口・アクセス,新構造（ルート→登山口→アクセス）へ移行
iwasugesan 岩菅山,聖平〜岩菅山〜裏岩菅山往復・ノッキリ経由往復,コース定数が上部表示の範囲外,P2,"上部28〜33 / ルート[26, 22]",ルートの値を正として上部表示を自動生成
iwasugesan 岩菅山,,登山口名がどのルートにも出てこない,P1,"登山口:聖平登山口 / ルート:['聖平〜岩菅山〜裏岩菅山往復', 'ノッキリ経由往復']",ルートごとに登山口を紐付け（要確認）
iwasugesan 岩菅山,,電車ルートの終点と登山口が不一致,P0,終点:聖平入口（季節） / 登山口:聖平登山口,ルート別にアクセスを分ける
iwasugesan 岩菅山,,旧い自由記述（trainInfo）が残存,P3,新宿→長野（新幹線約90分）→湯田中（長野電鉄約40分）→バス約15分,経路データから生成に切替
iizunasan 飯縄山,,未移行（旧構造）,P2,山単位の登山口・アクセス,新構造（ルート→登山口→アクセス）へ移行
iizunasan 飯縄山,一ノ鳥居〜飯縄山往復,コース定数が上部表示の範囲外,P2,上部23〜23 / ルート[19],ルートの値を正として上部表示を自動生成
iizunasan 飯縄山,,登山口名がどのルートにも出てこない,P1,登山口:一ノ鳥居苑地 / ルート:['一ノ鳥居〜飯縄山往復'],ルートごとに登山口を紐付け（要確認）
iizunasan 飯縄山,,旧い自由記述（trainInfo）が残存,P3,新宿→長野駅（新幹線約90分）→バス約30分,経路データから生成に切替
kurohimesan 黒姫山,,未移行（旧構造）,P2,山単位の登山口・アクセス,新構造（ルート→登山口→アクセス）へ移行
kurohimesan 黒姫山,しなの鉄道黒姫駅〜古池〜黒姫山周回,コース定数が上部表示の範囲外,P2,"上部24〜30 / ルート[24, 31]",ルートの値を正として上部表示を自動生成
kurohimesan 黒姫山,,登山口名がどのルートにも出てこない,P1,"登山口:大橋登山口（大橋林道口） / ルート:['大橋林道〜黒姫山往復', 'しなの鉄道黒姫駅〜古池〜黒姫山周回']",ルートごとに登山口を紐付け（要確認）
kurohimesan 黒姫山,,旧い自由記述（trainInfo）が残存,P3,新宿→長野（新幹線約90分）→黒姫（信越本線約25分）→バス,経路データから生成に切替
kenashiyama 毛無山,,未移行（旧構造）,P2,山単位の登山口・アクセス,新構造（ルート→登山口→アクセス）へ移行
kenashiyama 毛無山,朝霧高原〜毛無山往復,コース定数が上部表示の範囲外,P2,上部31〜31 / ルート[28],ルートの値を正として上部表示を自動生成
kenashiyama 毛無山,,登山口名がどのルートにも出てこない,P1,登山口:毛無山登山口（朝霧高原） / ルート:['朝霧高原〜毛無山往復'],ルートごとに登山口を紐付け（要確認）
shirasunayama 白砂山,,未移行（旧構造）,P2,山単位の登山口・アクセス,新構造（ルート→登山口→アクセス）へ移行
shirasunayama 白砂山,野反湖〜白砂山往復,コース定数が上部表示の範囲外,P2,上部33〜33 / ルート[25],ルートの値を正として上部表示を自動生成
nanaitsurasan 七面山,,未移行（旧構造）,P2,山単位の登山口・アクセス,新構造（ルート→登山口→アクセス）へ移行
nanaitsurasan 七面山,,登山口名がどのルートにも出てこない,P1,登山口:羽衣登山口（身延町） / ルート:['羽衣〜七面山往復'],ルートごとに登山口を紐付け（要確認）
nanaitsurasan 七面山,,旧い自由記述（trainInfo）が残存,P3,新宿→身延駅（新幹線＋身延線約130分）→バス約20分,経路データから生成に切替
arasawadake 荒沢岳,,未移行（旧構造）,P2,山単位の登山口・アクセス,新構造（ルート→登山口→アクセス）へ移行
arasawadake 荒沢岳,銀山平〜前グラ〜荒沢岳往復,コース定数が上部表示の範囲外,P2,上部30〜38 / ルート[29],ルートの値を正として上部表示を自動生成
arasawadake 荒沢岳,,登山口名がどのルートにも出てこない,P1,登山口:前山登山口（銀山平） / ルート:['銀山平〜前グラ〜荒沢岳往復'],ルートごとに登山口を紐付け（要確認）
nakawarayama 和名倉山,,未移行（旧構造）,P2,山単位の登山口・アクセス,新構造（ルート→登山口→アクセス）へ移行
nakawarayama 和名倉山,三ノ瀬〜将監峠〜和名倉山往復,コース定数が上部表示の範囲外,P2,上部34〜42 / ルート[30],ルートの値を正として上部表示を自動生成
nakawarayama 和名倉山,,登山口名がどのルートにも出てこない,P1,登山口:三ノ瀬登山口 / ルート:['三ノ瀬〜将監峠〜和名倉山往復'],ルートごとに登山口を紐付け（要確認）
nakawarayama 和名倉山,,電車ルートの終点と登山口が不一致,P0,終点:秩父湖バス停 / 登山口:三ノ瀬登山口,ルート別にアクセスを分ける
nakawarayama 和名倉山,,旧い自由記述（trainInfo）が残存,P3,新宿→秩父→三峰口駅（秩父鉄道）→バス約40分→秩父湖,経路データから生成に切替
yarigatake2 笊ヶ岳,,未移行（旧構造）,P2,山単位の登山口・アクセス,新構造（ルート→登山口→アクセス）へ移行
yarigatake2 笊ヶ岳,老平〜笊ヶ岳往復（日帰り健脚）,コース定数が上部表示の範囲外,P2,上部58〜58 / ルート[50],ルートの値を正として上部表示を自動生成
yarigatake2 笊ヶ岳,,登山口名がどのルートにも出てこない,P1,登山口:老平登山口 / ルート:['老平〜笊ヶ岳往復（日帰り健脚）'],ルートごとに登山口を紐付け（要確認）
gakedake 餓鬼岳,,未移行（旧構造）,P2,山単位の登山口・アクセス,新構造（ルート→登山口→アクセス）へ移行
gakedake 餓鬼岳,白沢〜餓鬼岳〜餓鬼岳小屋（1泊）,コース定数が上部表示の範囲外,P2,上部50〜60 / ルート[39],ルートの値を正として上部表示を自動生成
gakedake 餓鬼岳,,登山口名がどのルートにも出てこない,P1,登山口:白沢登山口 / ルート:['白沢〜餓鬼岳〜餓鬼岳小屋（1泊）'],ルートごとに登山口を紐付け（要確認）
arikayama 有明山,,未移行（旧構造）,P2,山単位の登山口・アクセス,新構造（ルート→登山口→アクセス）へ移行
arikayama 有明山,,電車ルートの終点と登山口が不一致,P0,終点:中房温泉（夏季） / 登山口:有明荘,ルート別にアクセスを分ける
keizandake 経ヶ岳,,未移行（旧構造）,P2,山単位の登山口・アクセス,新構造（ルート→登山口→アクセス）へ移行
adatara 安達太良山,,未移行（旧構造）,P2,山単位の登山口・アクセス,新構造（ルート→登山口→アクセス）へ移行
adatara 安達太良山,ゴンドラ利用〜山頂往復,コース定数が上部表示の範囲外,P2,"上部16〜28 / ルート[13, 22]",ルートの値を正として上部表示を自動生成
adatara 安達太良山,,登山口名がどのルートにも出てこない,P1,"登山口:奥岳登山口 / ルート:['ゴンドラ利用〜山頂往復', '奥岳〜くろがね小屋〜山頂周回']",ルートごとに登山口を紐付け（要確認）
adatara 安達太良山,,旧い自由記述（trainInfo）が残存,P3,新宿→郡山（新幹線約70分）→二本松（東北本線約20分）→バス約40分,経路データから生成に切替
azuma 西吾妻山,,未移行（旧構造）,P2,山単位の登山口・アクセス,新構造（ルート→登山口→アクセス）へ移行
azuma 西吾妻山,北望台〜梵天岩〜西吾妻山往復,コース定数が上部表示の範囲外,P2,"上部16〜30 / ルート[13, 21]",ルートの値を正として上部表示を自動生成
azuma 西吾妻山,,登山口名がどのルートにも出てこない,P1,"登山口:天元台ロープウェイ湯元駅（白布温泉） / ルート:['北望台〜梵天岩〜西吾妻山往復', 'グランデコ〜西大巓〜西吾妻山往復']",ルートごとに登山口を紐付け（要確認）
azuma 西吾妻山,,電車ルートの終点と登山口が不一致,P0,終点:天元台高原駅 / 登山口:天元台ロープウェイ湯元駅（白布温泉）,ルート別にアクセスを分ける
echigokoma 越後駒ヶ岳,,未移行（旧構造）,P2,山単位の登山口・アクセス,新構造（ルート→登山口→アクセス）へ移行
echigokoma 越後駒ヶ岳,枝折峠〜越後駒ヶ岳往復・道行山経由往復,コース定数が上部表示の範囲外,P2,"上部40〜45 / ルート[31, 34]",ルートの値を正として上部表示を自動生成
echigokoma 越後駒ヶ岳,,旧い自由記述（trainInfo）が残存,P3,新宿→越後湯沢（上越新幹線約70分）→小出駅（上越線約30分）→バス約40分,経路データから生成に切替
hiragadake 平ヶ岳,,未移行（旧構造）,P2,山単位の登山口・アクセス,新構造（ルート→登山口→アクセス）へ移行
hiragadake 平ヶ岳,中ノ岐林道ショートカット（要民宿送迎）,コース定数が上部表示の範囲外,P2,"上部30〜55 / ルート[44, 25]",ルートの値を正として上部表示を自動生成
hiragadake 平ヶ岳,,登山口名がどのルートにも出てこない,P1,"登山口:鷹ノ巣登山口 / ルート:['鷹ノ巣〜平ヶ岳往復（日帰り強行）', '中ノ岐林道ショートカット（要民宿送迎）']",ルートごとに登山口を紐付け（要確認）
naeba 苗場山,,未移行（旧構造）,P2,山単位の登山口・アクセス,新構造（ルート→登山口→アクセス）へ移行
naeba 苗場山,小赤沢ルート往復,コース定数が上部表示の範囲外,P2,"上部28〜40 / ルート[28, 23]",ルートの値を正として上部表示を自動生成
naeba 苗場山,,電車ルートの終点と登山口が不一致,P0,終点:祓川登山口 / 登山口:和田小屋（かぐら）,ルート別にアクセスを分ける
naeba 苗場山,,旧い自由記述（trainInfo）が残存,P3,新宿→越後湯沢（新幹線約80分）→バス約40分,経路データから生成に切替
amakazari 雨飾山,,未移行（旧構造）,P2,山単位の登山口・アクセス,新構造（ルート→登山口→アクセス）へ移行
amakazari 雨飾山,雨飾高原〜山頂往復,コース定数が上部表示の範囲外,P2,"上部29〜34 / ルート[25, 29]",ルートの値を正として上部表示を自動生成
amakazari 雨飾山,,登山口名がどのルートにも出てこない,P1,"登山口:雨飾高原キャンプ場 / ルート:['雨飾高原〜山頂往復', '小谷温泉ルート往復']",ルートごとに登山口を紐付け（要確認）
hiuchi 火打山,笹ヶ峰〜高谷池〜火打山（往復）,アクセスに未確認項目あり,P1,笹ヶ峰直行バスの2026年の運行期間（観光サイト掲載値。頸南バスの公式時刻表では未確認。運賃も要確認）,運行期間などを公式情報で確認
takatsuma 高妻山,,未移行（旧構造）,P2,山単位の登山口・アクセス,新構造（ルート→登山口→アクセス）へ移行
takatsuma 高妻山,,登山口名がどのルートにも出てこない,P1,"登山口:戸隠キャンプ場 / ルート:['戸隠〜弥勒尾根〜高妻山往復', '戸隠〜一不動〜高妻山往復']",ルートごとに登山口を紐付け（要確認）
kasagatake 笠ヶ岳,,未移行（旧構造）,P2,山単位の登山口・アクセス,新構造（ルート→登山口→アクセス）へ移行
kasagatake 笠ヶ岳,,登山口名がどのルートにも出てこない,P1,登山口:新穂高温泉 / ルート:['新穂高〜笠新道〜笠ヶ岳（往復）'],ルートごとに登山口を紐付け（要確認）
ontakesan 御嶽山,,未移行（旧構造）,P2,山単位の登山口・アクセス,新構造（ルート→登山口→アクセス）へ移行
ontakesan 御嶽山,田の原〜剣ヶ峰（往復）,コース定数が上部表示の範囲外,P2,上部18〜32 / ルート[17],ルートの値を正として上部表示を自動生成
ontakesan 御嶽山,,登山口名がどのルートにも出てこない,P1,登山口:王滝口（田の原） / ルート:['田の原〜剣ヶ峰（往復）'],ルートごとに登山口を紐付け（要確認）
goryudake 五竜岳,テレキャビン〜遠見尾根〜五竜岳（往復）,登山口の座標が未確認,P1,"アルプス平（テレキャビン山頂駅） None,None",一次情報で座標を確認
sukai 皇海山,,未移行（旧構造）,P2,山単位の登山口・アクセス,新構造（ルート→登山口→アクセス）へ移行
sukai 皇海山,皇海橋〜皇海山（往復）,コース定数が上部表示の範囲外,P2,上部28〜28 / ルート[21],ルートの値を正として上部表示を自動生成
sukai 皇海山,,登山口名がどのルートにも出てこない,P1,登山口:銀山平（クラシックルート） / ルート:['皇海橋〜皇海山（往復）'],ルートごとに登山口を紐付け（要確認）
utsukushigahara 美ヶ原,,未移行（旧構造）,P2,山単位の登山口・アクセス,新構造（ルート→登山口→アクセス）へ移行
utsukushigahara 美ヶ原,山本小屋〜王ヶ頭往復,コース定数が上部表示の範囲外,P2,"上部10〜24 / ルート[6, 17]",ルートの値を正として上部表示を自動生成
utsukushigahara 美ヶ原,,登山口名がどのルートにも出てこない,P1,"登山口:山本小屋ふる里館 / ルート:['山本小屋〜王ヶ頭往復', '三城いこいの広場〜王ヶ頭往復']",ルートごとに登山口を紐付け（要確認）
utsukushigahara 美ヶ原,,電車ルートの終点と登山口が不一致,P0,終点:美ヶ原高原（夏季） / 登山口:山本小屋ふる里館,ルート別にアクセスを分ける
karamatsu 唐松岳,八方池山荘〜唐松岳往復,登山口の座標が未確認,P1,"八方池山荘（リフト終点） None,None",一次情報で座標を確認
karamatsu 唐松岳,八方池山荘〜唐松岳〜不帰ノ嶮〜天狗山荘（1泊）,登山口の座標が未確認,P1,"八方池山荘（リフト終点） None,None",一次情報で座標を確認
utsugi 空木岳,,未移行（旧構造）,P2,山単位の登山口・アクセス,新構造（ルート→登山口→アクセス）へ移行
utsugi 空木岳,池山登山口〜空木岳（往復）,コース定数が上部表示の範囲外,P2,上部55〜70 / ルート[41],ルートの値を正として上部表示を自動生成
utsugi 空木岳,,登山口名がどのルートにも出てこない,P1,登山口:駒ヶ根高原（池山林道終点） / ルート:['池山登山口〜空木岳（往復）'],ルートごとに登山口を紐付け（要確認）
utsugi 空木岳,,電車ルートの終点と登山口が不一致,P0,終点:菅の台バスセンター / 登山口:駒ヶ根高原（池山林道終点）,ルート別にアクセスを分ける
enasan 恵那山,,未移行（旧構造）,P2,山単位の登山口・アクセス,新構造（ルート→登山口→アクセス）へ移行
enasan 恵那山,神坂峠〜恵那山往復,コース定数が上部表示の範囲外,P2,"上部24〜41 / ルート[21, 32]",ルートの値を正として上部表示を自動生成
shiomidake 塩見岳,,未移行（旧構造）,P2,山単位の登山口・アクセス,新構造（ルート→登山口→アクセス）へ移行
shiomidake 塩見岳,鳥倉〜塩見岳〜三伏峠（1泊）,コース定数が上部表示の範囲外,P2,"上部55〜75 / ルート[60, 47]",ルートの値を正として上部表示を自動生成
shiomidake 塩見岳,,登山口名がどのルートにも出てこない,P1,"登山口:鳥倉林道ゲート / ルート:['鳥倉〜塩見岳往復（1泊）', '鳥倉〜塩見岳〜三伏峠（1泊）']",ルートごとに登山口を紐付け（要確認）
shiomidake 塩見岳,,電車ルートの終点と登山口が不一致,P0,終点:鳥倉登山口 / 登山口:鳥倉林道ゲート,ルート別にアクセスを分ける
arakawadake 荒川岳,,未移行（旧構造）,P2,山単位の登山口・アクセス,新構造（ルート→登山口→アクセス）へ移行
arakawadake 荒川岳,,登山口名がどのルートにも出てこない,P1,登山口:椹島ロッジ / ルート:['椹島〜荒川岳〜赤石岳縦走（2泊）'],ルートごとに登山口を紐付け（要確認）
arakawadake 荒川岳,,電車ルートの終点と登山口が不一致,P0,終点:椹島ロッヂ / 登山口:椹島ロッジ,ルート別にアクセスを分ける
akaisidake 赤石岳,,未移行（旧構造）,P2,山単位の登山口・アクセス,新構造（ルート→登山口→アクセス）へ移行
akaisidake 赤石岳,,登山口名がどのルートにも出てこない,P1,"登山口:椹島ロッジ / ルート:['椹島〜赤石岳往復（1泊）', '椹島〜荒川岳〜赤石岳縦走（2泊）']",ルートごとに登山口を紐付け（要確認）
akaisidake 赤石岳,,電車ルートの終点と登山口が不一致,P0,終点:椹島ロッヂ / 登山口:椹島ロッジ,ルート別にアクセスを分ける
hijiridade 聖岳,,未移行（旧構造）,P2,山単位の登山口・アクセス,新構造（ルート→登山口→アクセス）へ移行
hijiridade 聖岳,,電車ルートの終点と登山口が不一致,P0,終点:聖沢登山口 / 登山口:便ヶ島（芝沢ゲートから徒歩）,ルート別にアクセスを分ける
terkari 光岳,,未移行（旧構造）,P2,山単位の登山口・アクセス,新構造（ルート→登山口→アクセス）へ移行
terkari 光岳,易老渡〜光岳往復（1泊）,コース定数が上部表示の範囲外,P2,上部57〜57 / ルート[56],ルートの値を正として上部表示を自動生成
yakushidake 薬師岳,,未移行（旧構造）,P2,山単位の登山口・アクセス,新構造（ルート→登山口→アクセス）へ移行
yakushidake 薬師岳,折立〜薬師岳往復（日帰り）・折立〜薬師岳（1泊）,コース定数が上部表示の範囲外,P2,"上部50〜75 / ルート[42, 42]",ルートの値を正として上部表示を自動生成
kurobegorodam 黒部五郎岳,,未移行（旧構造）,P2,山単位の登山口・アクセス,新構造（ルート→登山口→アクセス）へ移行
ainodake 間ノ岳,,未移行（旧構造）,P2,山単位の登山口・アクセス,新構造（ルート→登山口→アクセス）へ移行
ainodake 間ノ岳,,ルートのコース定数なし,P2,['広河原〜北岳〜間ノ岳（1泊2日）'],時間・距離・標高差を確認して算出
noutori 農鳥岳,,未移行（旧構造）,P2,山単位の登山口・アクセス,新構造（ルート→登山口→アクセス）へ移行
noutori 農鳥岳,,ルートのコース定数なし,P2,['広河原〜北岳〜間ノ岳〜農鳥岳（2泊3日）'],時間・距離・標高差を確認して算出
hakusan 白山,,未移行（旧構造）,P2,山単位の登山口・アクセス,新構造（ルート→登山口→アクセス）へ移行
hakusan 白山,別当出合〜砂防新道〜白山往復・別当出合〜砂防新道〜お花松原〜観光新道周回,コース定数が上部表示の範囲外,P2,"上部40〜55 / ルート[34, 37]",ルートの値を正として上部表示を自動生成
zaosan 蔵王山,,未移行（旧構造）,P2,山単位の登山口・アクセス,新構造（ルート→登山口→アクセス）へ移行
zaosan 蔵王山,刈田岳〜熊野岳往復,コース定数が上部表示の範囲外,P2,"上部11〜19 / ルート[7, 14]",ルートの値を正として上部表示を自動生成
zaosan 蔵王山,,電車ルートの終点と登山口が不一致,P0,終点:蔵王温泉バスターミナル / 登山口:刈田岳（蔵王エコーライン）,ルート別にアクセスを分ける
karisaka 雁坂嶺,,未移行（旧構造）,P2,山単位の登山口・アクセス,新構造（ルート→登山口→アクセス）へ移行
karisaka 雁坂嶺,道の駅みとみ〜雁坂嶺往復,コース定数が上部表示の範囲外,P2,"上部32〜52 / ルート[28, 35]",ルートの値を正として上部表示を自動生成
nokogiriyama 鋸岳,,未移行（旧構造）,P2,山単位の登山口・アクセス,新構造（ルート→登山口→アクセス）へ移行
nokogiriyama 鋸岳,戸台〜角兵衛沢〜鋸岳往復,コース定数が上部表示の範囲外,P2,上部45〜60 / ルート[42],ルートの値を正として上部表示を自動生成
nokogiriyama 鋸岳,,登山口名がどのルートにも出てこない,P1,登山口:戸台パーク / ルート:['戸台〜角兵衛沢〜鋸岳往復'],ルートごとに登山口を紐付け（要確認）
minamikomagatake 南駒ヶ岳,,未移行（旧構造）,P2,山単位の登山口・アクセス,新構造（ルート→登山口→アクセス）へ移行
minamikomagatake 南駒ヶ岳,越百山登山口〜南駒ヶ岳（往復）,コース定数が上部表示の範囲外,P2,上部42〜52 / ルート[41],ルートの値を正として上部表示を自動生成
minamikomagatake 南駒ヶ岳,,登山口名がどのルートにも出てこない,P1,登山口:伊奈川ダム上登山口 / ルート:['越百山登山口〜南駒ヶ岳（往復）'],ルートごとに登山口を紐付け（要確認）
minamikomagatake 南駒ヶ岳,,旧い自由記述（trainInfo）が残存,P3,新宿→駒ヶ根（特急約155分）→バス→ロープウェイ＋徒歩,経路データから生成に切替
chogatake 蝶ヶ岳,,未移行（旧構造）,P2,山単位の登山口・アクセス,新構造（ルート→登山口→アクセス）へ移行
chogatake 蝶ヶ岳,,登山口名がどのルートにも出てこない,P1,"登山口:上高地バスターミナル / ルート:['上高地〜長塀山〜蝶ヶ岳往復', '三股〜蝶ヶ岳往復']",ルートごとに登山口を紐付け（要確認）
otenshoudake 大天井岳,,未移行（旧構造）,P2,山単位の登山口・アクセス,新構造（ルート→登山口→アクセス）へ移行
otenshoudake 大天井岳,,登山口名がどのルートにも出てこない,P1,登山口:中房温泉登山口 / ルート:['中房温泉〜合戦尾根〜燕岳〜大天井岳往復'],ルートごとに登山口を紐付け（要確認）
harinokidake 針ノ木岳,,未移行（旧構造）,P2,山単位の登山口・アクセス,新構造（ルート→登山口→アクセス）へ移行
harinokidake 針ノ木岳,扇沢〜針ノ木雪渓〜針ノ木岳往復・扇沢〜針ノ木岳〜蓮華岳周回,コース定数が上部表示の範囲外,P2,"上部40〜42 / ルート[33, 37]",ルートの値を正として上部表示を自動生成
harinokidake 針ノ木岳,,旧い自由記述（trainInfo）が残存,P3,新宿→松本（特急約150分）→信濃大町（大糸線約30分）→バス約55分,経路データから生成に切替
eboshidake_kita 烏帽子岳（北ア）,,未移行（旧構造）,P2,山単位の登山口・アクセス,新構造（ルート→登山口→アクセス）へ移行
eboshidake_kita 烏帽子岳（北ア）,高瀬ダム〜ブナ立尾根〜烏帽子岳往復,コース定数が上部表示の範囲外,P2,上部38〜50 / ルート[36],ルートの値を正として上部表示を自動生成
noguchigoro 野口五郎岳,,未移行（旧構造）,P2,山単位の登山口・アクセス,新構造（ルート→登山口→アクセス）へ移行
noguchigoro 野口五郎岳,,ルートのコース定数なし,P2,['高瀬ダム〜ブナ立尾根〜烏帽子岳〜野口五郎岳（1泊）'],時間・距離・標高差を確認して算出
nokogiriyama_chiba 鋸山,,未移行（旧構造）,P2,山単位の登山口・アクセス,新構造（ルート→登山口→アクセス）へ移行
nokogiriyama_chiba 鋸山,車力道コース（往復）,コース定数が上部表示の範囲外,P2,上部11〜11 / ルート[8],ルートの値を正として上部表示を自動生成
nokogiriyama_chiba 鋸山,,登山口名がどのルートにも出てこない,P1,登山口:浜金谷駅 / ルート:['車力道コース（往復）'],ルートごとに登山口を紐付け（要確認）
nokogiriyama_chiba 鋸山,,電車ルートの終点と登山口が不一致,P0,終点:鋸山登山口 / 登山口:浜金谷駅,ルート別にアクセスを分ける
nokogiriyama_chiba 鋸山,,旧い自由記述（trainInfo）が残存,P3,新宿→君津（総武線快速約60分）→浜金谷（内房線約35分）徒歩,経路データから生成に切替
mitakesan 御岳山,,未移行（旧構造）,P2,山単位の登山口・アクセス,新構造（ルート→登山口→アクセス）へ移行
mitakesan 御岳山,御嶽駅〜御岳山（往復）,コース定数が上部表示の範囲外,P2,上部14〜14 / ルート[12],ルートの値を正として上部表示を自動生成
mitakesan 御岳山,,登山口名がどのルートにも出てこない,P1,登山口:御岳登山口バス停 / ルート:['御嶽駅〜御岳山（往復）'],ルートごとに登山口を紐付け（要確認）
mitakesan 御岳山,,電車ルートの終点と登山口が不一致,P0,終点:御岳山 / 登山口:御岳登山口バス停,ルート別にアクセスを分ける
mitakesan 御岳山,,旧い自由記述（trainInfo）が残存,P3,新宿→御嶽駅（青梅線約75分）→バス→ケーブルカー,経路データから生成に切替
takamizusanzan 高水三山,,未移行（旧構造）,P2,山単位の登山口・アクセス,新構造（ルート→登山口→アクセス）へ移行
takamizusanzan 高水三山,軍畑駅〜御嶽駅（縦走）,コース定数が上部表示の範囲外,P2,上部25〜25 / ルート[18],ルートの値を正として上部表示を自動生成
takamizusanzan 高水三山,,電車ルートの終点と登山口が不一致,P0,終点:高水山登山口（高源寺） / 登山口:軍畑駅,ルート別にアクセスを分ける
takamizusanzan 高水三山,,旧い自由記述（trainInfo）が残存,P3,新宿→軍畑駅（青梅線約75分）徒歩10分,経路データから生成に切替
tenzandake 天覧山・多峯主山,,未移行（旧構造）,P2,山単位の登山口・アクセス,新構造（ルート→登山口→アクセス）へ移行
tenzandake 天覧山・多峯主山,飯能駅〜天覧山〜多峯主山（周回）,コース定数が上部表示の範囲外,P2,上部12〜12 / ルート[8],ルートの値を正として上部表示を自動生成
tenzandake 天覧山・多峯主山,,登山口名がどのルートにも出てこない,P1,登山口:飯能市街 / ルート:['飯能駅〜天覧山〜多峯主山（周回）'],ルートごとに登山口を紐付け（要確認）
tenzandake 天覧山・多峯主山,,電車ルートの終点と登山口が不一致,P0,終点:天覧山登山口 / 登山口:飯能市街,ルート別にアクセスを分ける
tenzandake 天覧山・多峯主山,,旧い自由記述（trainInfo）が残存,P3,池袋→飯能駅（西武池袋線約55分）徒歩20分,経路データから生成に切替
hiwadayama 日和田山,,未移行（旧構造）,P2,山単位の登山口・アクセス,新構造（ルート→登山口→アクセス）へ移行
hiwadayama 日和田山,高麗駅〜日和田山〜高指山（周回）,コース定数が上部表示の範囲外,P2,上部9〜9 / ルート[7],ルートの値を正として上部表示を自動生成
hiwadayama 日和田山,,電車ルートの終点と登山口が不一致,P0,終点:日和田山登山口 / 登山口:高麗駅,ルート別にアクセスを分ける
hiwadayama 日和田山,,旧い自由記述（trainInfo）が残存,P3,池袋→高麗駅（西武池袋線約55分）徒歩15分,経路データから生成に切替
izugatake 伊豆ヶ岳,,未移行（旧構造）,P2,山単位の登山口・アクセス,新構造（ルート→登山口→アクセス）へ移行
izugatake 伊豆ヶ岳,,登山口名がどのルートにも出てこない,P1,"登山口:正丸駅前（登山口まで徒歩10分） / ルート:['正丸駅〜伊豆ヶ岳（ピストン）', '正丸駅〜古御岳〜高畑山縦走']",ルートごとに登山口を紐付け（要確認）
izugatake 伊豆ヶ岳,,電車ルートの終点と登山口が不一致,P0,終点:伊豆ヶ岳登山口 / 登山口:正丸駅前（登山口まで徒歩10分）,ルート別にアクセスを分ける
izugatake 伊豆ヶ岳,,旧い自由記述（trainInfo）が残存,P3,池袋→正丸駅（西武秩父線約70分）徒歩10分,経路データから生成に切替
bukosan 武甲山,,未移行（旧構造）,P2,山単位の登山口・アクセス,新構造（ルート→登山口→アクセス）へ移行
bukosan 武甲山,,ルートのコース定数なし,P2,"['一ノ鳥居〜武甲山（ピストン）', '持山寺跡経由周回']",時間・距離・標高差を確認して算出
bukosan 武甲山,,登山口名がどのルートにも出てこない,P1,"登山口:一ノ鳥居登山口 / ルート:['一ノ鳥居〜武甲山（ピストン）', '持山寺跡経由周回']",ルートごとに登山口を紐付け（要確認）
bukosan 武甲山,,旧い自由記述（trainInfo）が残存,P3,池袋→西武秩父駅（西武秩父線約80分）→タクシー,経路データから生成に切替
nabewari 鍋割山,,未移行（旧構造）,P2,山単位の登山口・アクセス,新構造（ルート→登山口→アクセス）へ移行
nabewari 鍋割山,,ルートのコース定数なし,P2,['大倉〜後沢乗越〜鍋割山（往復）'],時間・距離・標高差を確認して算出
nabewari 鍋割山,,登山口名がどのルートにも出てこない,P1,"登山口:大倉バス停（後沢乗越ルート） / ルート:['大倉〜後沢乗越〜鍋割山（往復）', '大倉〜塔ノ岳〜鍋割山周回']",ルートごとに登山口を紐付け（要確認）
nabewari 鍋割山,,旧い自由記述（trainInfo）が残存,P3,新宿→渋沢駅（小田急約65分）→バス約30分,経路データから生成に切替
sannotou 三ノ塔,,未移行（旧構造）,P2,山単位の登山口・アクセス,新構造（ルート→登山口→アクセス）へ移行
sannotou 三ノ塔,,ルートのコース定数なし,P2,['大倉〜三ノ塔（往復）'],時間・距離・標高差を確認して算出
sannotou 三ノ塔,,登山口名がどのルートにも出てこない,P1,"登山口:大倉バス停（二俣ルート） / ルート:['大倉〜三ノ塔（往復）', '大倉〜三ノ塔〜烏尾山縦走']",ルートごとに登山口を紐付け（要確認）
sannotou 三ノ塔,,旧い自由記述（trainInfo）が残存,P3,新宿→渋沢駅（小田急約65分）→バス約25分,経路データから生成に切替
koubousan 弘法山,,未移行（旧構造）,P2,山単位の登山口・アクセス,新構造（ルート→登山口→アクセス）へ移行
koubousan 弘法山,鶴巻温泉駅〜弘法山（往復）,コース定数が上部表示の範囲外,P2,上部9〜12 / ルート[6],ルートの値を正として上部表示を自動生成
koubousan 弘法山,,ルートのコース定数なし,P2,['秦野駅〜弘法山〜鶴巻温泉駅縦走'],時間・距離・標高差を確認して算出
koubousan 弘法山,,登山口名がどのルートにも出てこない,P1,"登山口:秦野駅または鶴巻温泉駅（どちらからもアクセス可） / ルート:['秦野駅〜弘法山〜鶴巻温泉駅縦走', '鶴巻温泉駅〜弘法山（往復）']",ルートごとに登山口を紐付け（要確認）
koubousan 弘法山,,電車ルートの終点と登山口が不一致,P0,終点:弘法山登山口 / 登山口:秦野駅または鶴巻温泉駅（どちらからもアクセス可）,ルート別にアクセスを分ける
koubousan 弘法山,,旧い自由記述（trainInfo）が残存,P3,新宿→鶴巻温泉駅（小田急約55分）徒歩15分,経路データから生成に切替
kagenobusan 景信山,,未移行（旧構造）,P2,山単位の登山口・アクセス,新構造（ルート→登山口→アクセス）へ移行
kagenobusan 景信山,相模湖駅〜景信山（往復）,コース定数が上部表示の範囲外,P2,"上部19〜32 / ルート[21, 15]",ルートの値を正として上部表示を自動生成
kagenobusan 景信山,,ルートのコース定数なし,P2,['小仏バス停〜景信山（往復）'],時間・距離・標高差を確認して算出
kagenobusan 景信山,,旧い自由記述（trainInfo）が残存,P3,新宿→高尾駅（中央線約40分）→バス約25分,経路データから生成に切替
takagawayama 高川山,,未移行（旧構造）,P2,山単位の登山口・アクセス,新構造（ルート→登山口→アクセス）へ移行
takagawayama 高川山,初狩駅〜高川山〜大月駅縦走・初狩駅〜高川山（往復）,コース定数が上部表示の範囲外,P2,"上部17〜21 / ルート[16, 13]",ルートの値を正として上部表示を自動生成
takagawayama 高川山,,電車ルートの終点と登山口が不一致,P0,終点:高川山登山口 / 登山口:初狩駅（徒歩約10分で登山口）,ルート別にアクセスを分ける
takagawayama 高川山,,旧い自由記述（trainInfo）が残存,P3,新宿→初狩駅（中央線約75分）徒歩すぐ,経路データから生成に切替
kobotokeshiroyama 小仏城山,,未移行（旧構造）,P2,山単位の登山口・アクセス,新構造（ルート→登山口→アクセス）へ移行
kobotokeshiroyama 小仏城山,小仏バス停〜小仏城山（往復）,コース定数が上部表示の範囲外,P2,"上部13〜27 / ルート[9, 20, 17]",ルートの値を正として上部表示を自動生成
kobotokeshiroyama 小仏城山,,旧い自由記述（trainInfo）が残存,P3,新宿→高尾山口駅（京王線約50分）→高尾山縦走 または 高尾駅→バス約25分→小仏,経路データから生成に切替
kusatoriyama 草戸山,,未移行（旧構造）,P2,山単位の登山口・アクセス,新構造（ルート→登山口→アクセス）へ移行
kusatoriyama 草戸山,高尾山口駅〜草戸山〜橋本駅（縦走）,コース定数が上部表示の範囲外,P2,"上部8〜12 / ルート[11, 18]",ルートの値を正として上部表示を自動生成
kusatoriyama 草戸山,,電車ルートの終点と登山口が不一致,P0,終点:草戸山登山口 / 登山口:高尾山口駅,ルート別にアクセスを分ける
kusatoriyama 草戸山,,旧い自由記述（trainInfo）が残存,P3,新宿→高尾山口駅（京王線約50分）→徒歩すぐ,経路データから生成に切替
nakimushiyama 鳴虫山,,未移行（旧構造）,P2,山単位の登山口・アクセス,新構造（ルート→登山口→アクセス）へ移行
nakimushiyama 鳴虫山,,登山口名がどのルートにも出てこない,P1,"登山口:鳴虫山登山口（東武日光駅から徒歩約20分） / ルート:['東武日光駅〜鳴虫山〜憾満ヶ淵 周回', '東武日光駅〜鳴虫山 ピストン']",ルートごとに登山口を紐付け（要確認）
nakimushiyama 鳴虫山,,旧い自由記述（trainInfo）が残存,P3,新宿→東武日光駅（特急スペーシア約130分）→徒歩約20分,経路データから生成に切替
tairappyo 平標山,,未移行（旧構造）,P2,山単位の登山口・アクセス,新構造（ルート→登山口→アクセス）へ移行
tairappyo 平標山,,登山口名がどのルートにも出てこない,P1,"登山口:平標登山口駐車場 / ルート:['松手山コース（周回）', '平元新道コース（往復）']",ルートごとに登山口を紐付け（要確認）
tairappyo 平標山,,電車ルートの終点と登山口が不一致,P0,終点:平標登山口バス停 / 登山口:平標登山口駐車場,ルート別にアクセスを分ける
tairappyo 平標山,,旧い自由記述（trainInfo）が残存,P3,東京駅→越後湯沢駅（上越新幹線約70分）→平標登山口バス停（バス約35分）,経路データから生成に切替
tomisan 富山,,未移行（旧構造）,P2,山単位の登山口・アクセス,新構造（ルート→登山口→アクセス）へ移行
tomisan 富山,岩井駅→福満寺→南峰→北峰→伏姫岩屋→岩井駅（周回）,コース定数が上部表示の範囲外,P2,上部20〜20 / ルート[13],ルートの値を正として上部表示を自動生成
tomisan 富山,,旧い自由記述（trainInfo）が残存,P3,新宿→（総武線快速・内房線）→岩井駅（約2時間47分）→徒歩約30分で登山口,経路データから生成に切替
iyogatake 伊予ヶ岳,,未移行（旧構造）,P2,山単位の登山口・アクセス,新構造（ルート→登山口→アクセス）へ移行
iyogatake 伊予ヶ岳,平群天神社 往復（北峰・鎖場あり）,コース定数が上部表示の範囲外,P2,"上部9〜24 / ルート[7, 17]",ルートの値を正として上部表示を自動生成
iyogatake 伊予ヶ岳,,旧い自由記述（trainInfo）が残存,P3,新宿→（横須賀線・内房線）→岩井駅（約2時間）→バス約15分（天神郷）→徒歩5分,経路データから生成に切替
myojingatake 明神ヶ岳,,未移行（旧構造）,P2,山単位の登山口・アクセス,新構造（ルート→登山口→アクセス）へ移行
myojingatake 明神ヶ岳,矢倉沢登山口 往復・金時山→明神ヶ岳 縦走,コース定数が上部表示の範囲外,P2,"上部25〜29 / ルート[20, 23]",ルートの値を正として上部表示を自動生成
myojingatake 明神ヶ岳,,登山口名がどのルートにも出てこない,P1,"登山口:明神ヶ岳登山口（神奈川県南足柄市矢倉沢） / ルート:['矢倉沢登山口 往復', '金時山→明神ヶ岳 縦走']",ルートごとに登山口を紐付け（要確認）
myojingatake 明神ヶ岳,,旧い自由記述（trainInfo）が残存,P3,新宿→小田原（小田急快速急行約94分）→宮城野支所前（箱根登山バス約30分）→徒歩約10分,経路データから生成に切替
yaguradake 矢倉岳,,未移行（旧構造）,P2,山単位の登山口・アクセス,新構造（ルート→登山口→アクセス）へ移行
yaguradake 矢倉岳,地蔵堂 往復,コース定数が上部表示の範囲外,P2,上部19〜19 / ルート[15],ルートの値を正として上部表示を自動生成
yaguradake 矢倉岳,,旧い自由記述（trainInfo）が残存,P3,新宿→小田原（小田急約70分）→大雄山（大雄山線約15分）→バス約20分→地蔵堂,経路データから生成に切替
kawanoriyama 川苔山,,未移行（旧構造）,P2,山単位の登山口・アクセス,新構造（ルート→登山口→アクセス）へ移行
kawanoriyama 川苔山,川乗橋→百尋ノ滝→山頂→鳩ノ巣駅（縦走）・奥多摩駅→本仁田山経由（往復）,コース定数が上部表示の範囲外,P2,"上部32〜32 / ルート[25, 26]",ルートの値を正として上部表示を自動生成
kawanoriyama 川苔山,,登山口名がどのルートにも出てこない,P1,"登山口:川乗橋バス停（東京都奥多摩町川井） / ルート:['川乗橋→百尋ノ滝→山頂→鳩ノ巣駅（縦走）', '奥多摩駅→本仁田山経由（往復）']",ルートごとに登山口を紐付け（要確認）
kawanoriyama 川苔山,,旧い自由記述（trainInfo）が残存,P3,新宿→立川（中央線約35分）→奥多摩（青梅線約60分）→バス約10分→川乗橋バス停,経路データから生成に切替
takanosuyama 鷹ノ巣山,,未移行（旧構造）,P2,山単位の登山口・アクセス,新構造（ルート→登山口→アクセス）へ移行
takanosuyama 鷹ノ巣山,,登山口名がどのルートにも出てこない,P1,"登山口:東日原バス停（東京都奥多摩町日原） / ルート:['東日原→稲村岩尾根→山頂（往復）', '奥多摩駅→水根→山頂→石尾根→奥多摩駅（縦走）']",ルートごとに登山口を紐付け（要確認）
takanosuyama 鷹ノ巣山,,旧い自由記述（trainInfo）が残存,P3,新宿→立川（中央線約35分）→奥多摩（青梅線約60分）→バス約35分→東日原バス停,経路データから生成に切替
ishirousan 石老山,,未移行（旧構造）,P2,山単位の登山口・アクセス,新構造（ルート→登山口→アクセス）へ移行
ishirousan 石老山,顕鏡寺コース（周回）,コース定数が上部表示の範囲外,P2,上部16〜22 / ルート[15],ルートの値を正として上部表示を自動生成
ishirousan 石老山,,登山口名がどのルートにも出てこない,P1,登山口:石老山入口（顕鏡寺ルート） / ルート:['顕鏡寺コース（周回）'],ルートごとに登山口を紐付け（要確認）
ishirousan 石老山,,旧い自由記述（trainInfo）が残存,P3,新宿→相模湖駅（中央本線特快50分）→バス7分→石老山入口,経路データから生成に切替
iwadonoyama 岩殿山,,未移行（旧構造）,P2,山単位の登山口・アクセス,新構造（ルート→登山口→アクセス）へ移行
iwadonoyama 岩殿山,,地図ボタンなし,P2,https://www.google.com/maps/search/?api=1&query=%E7%95%91%E5%80%89%E7%99%BB%E5%B1%B1%E5%8F%A3%20%E5%B1%B1%E6%A2%A8%E7%9C%8C%E5%A4%A7%E6%9C%88%E5%B8%82,登山口座標を確認して生成
iwadonoyama 岩殿山,,登山口名がどのルートにも出てこない,P1,登山口:畑倉登山口（大月駅徒歩15分） / ルート:['大月駅〜岩殿山〜稚児落し周回'],ルートごとに登山口を紐付け（要確認）
iwadonoyama 岩殿山,,旧い自由記述（trainInfo）が残存,P3,新宿→大月駅（中央線特急あずさ約60分 or 特快約80分）→徒歩15分,経路データから生成に切替
maruyama_okubusuma 丸山（奥武蔵）,,未移行（旧構造）,P2,山単位の登山口・アクセス,新構造（ルート→登山口→アクセス）へ移行
maruyama_okubusuma 丸山（奥武蔵）,,電車ルートの終点と登山口が不一致,P0,終点:丸山登山口 / 登山口:芦ヶ久保駅（徒歩30分）,ルート別にアクセスを分ける
maruyama_okubusuma 丸山（奥武蔵）,,旧い自由記述（trainInfo）が残存,P3,池袋→飯能→芦ヶ久保駅（西武池袋・秩父線約80分）→徒歩30分,経路データから生成に切替
ohnoyama 大野山,,未移行（旧構造）,P2,山単位の登山口・アクセス,新構造（ルート→登山口→アクセス）へ移行
ohnoyama 大野山,山北駅〜大野山〜山北駅,コース定数が上部表示の範囲外,P2,上部10〜16 / ルート[18],ルートの値を正として上部表示を自動生成
ohnoyama 大野山,,登山口名がどのルートにも出てこない,P1,登山口:大野山入口（山北駅から徒歩約20分） / ルート:['山北駅〜大野山〜山北駅'],ルートごとに登山口を紐付け（要確認）
ohnoyama 大野山,,旧い自由記述（trainInfo）が残存,P3,新宿→松田→山北駅（小田急＋御殿場線約70分）→徒歩90分,経路データから生成に切替
momakurasan 百蔵山,,未移行（旧構造）,P2,山単位の登山口・アクセス,新構造（ルート→登山口→アクセス）へ移行
momakurasan 百蔵山,,地図座標の二重管理（300m以上の差）,P1,"gmapUrl(35.6273, 138.9869) / ボタン(35.6321619, 138.9778605)（差977m）",登山口データの座標に一本化
momakurasan 百蔵山,,登山口名がどのルートにも出てこない,P1,登山口:大月市営総合グラウンド（猿橋駅から徒歩約30分） / ルート:['猿橋駅〜百蔵山〜猿橋駅'],ルートごとに登山口を紐付け（要確認）
momakurasan 百蔵山,,旧い自由記述（trainInfo）が残存,P3,新宿→猿橋駅（中央線特快約80分）→徒歩30分（市営グラウンドまで）,経路データから生成に切替
ogiyama 扇山,,未移行（旧構造）,P2,山単位の登山口・アクセス,新構造（ルート→登山口→アクセス）へ移行
ogiyama 扇山,,地図座標の二重管理（300m以上の差）,P1,"gmapUrl(35.6478, 138.9742) / ボタン(35.6246365, 139.0093479)（差4081m）",登山口データの座標に一本化
ogiyama 扇山,,登山口名がどのルートにも出てこない,P1,登山口:梨ノ木平登山口（鳥沢駅から徒歩約60分、季節運行バスあり） / ルート:['鳥沢駅〜扇山〜大月駅縦走'],ルートごとに登山口を紐付け（要確認）
ogiyama 扇山,,旧い自由記述（trainInfo）が残存,P3,新宿→鳥沢駅（中央線特快約75分）→徒歩60分（梨ノ木平登山口まで）,経路データから生成に切替
makuyama 幕山,,未移行（旧構造）,P2,山単位の登山口・アクセス,新構造（ルート→登山口→アクセス）へ移行
makuyama 幕山,,旧い自由記述（trainInfo）が残存,P3,新宿→湯河原駅（JR東海道線・踊り子号 or 特快約80分）→バス10分→幕山公園,経路データから生成に切替
taiheizan 太平山,,未移行（旧構造）,P2,山単位の登山口・アクセス,新構造（ルート→登山口→アクセス）へ移行
taiheizan 太平山,栃木駅〜太平山〜晃石山縦走,コース定数が上部表示の範囲外,P2,上部6〜12 / ルート[13],ルートの値を正として上部表示を自動生成
taiheizan 太平山,,登山口名がどのルートにも出てこない,P1,登山口:栃木市太平山謙信平 / ルート:['栃木駅〜太平山〜晃石山縦走'],ルートごとに登山口を紐付け（要確認）
taiheizan 太平山,,旧い自由記述（trainInfo）が残存,P3,新宿→小山→栃木駅（JR湘南新宿ライン＋両毛線約90分）→徒歩30分〜謙信平,経路データから生成に切替
kuratakeyama 倉岳山,,未移行（旧構造）,P2,山単位の登山口・アクセス,新構造（ルート→登山口→アクセス）へ移行
kuratakeyama 倉岳山,,地図ボタンなし,P2,https://www.google.com/maps/search/?api=1&query=%E7%A9%B4%E8%B7%AF%E5%B3%A0%E7%99%BB%E5%B1%B1%E5%8F%A3%20%E5%B1%B1%E6%A2%A8%E7%9C%8C%E5%A4%A7%E6%9C%88%E5%B8%82,登山口座標を確認して生成
kuratakeyama 倉岳山,,登山口名がどのルートにも出てこない,P1,登山口:穴路峠登山口（鳥沢駅から徒歩） / ルート:['穴路峠コース（鳥沢駅起点）'],ルートごとに登山口を紐付け（要確認）
kuratakeyama 倉岳山,,旧い自由記述（trainInfo）が残存,P3,新宿→鳥沢駅（中央本線特快45分）→徒歩30分→登山口,経路データから生成に切替
sasakogarigaburiyama 笹子雁ヶ腹摺山,,未移行（旧構造）,P2,山単位の登山口・アクセス,新構造（ルート→登山口→アクセス）へ移行
sasakogarigaburiyama 笹子雁ヶ腹摺山,笹子峠コース,コース定数が上部表示の範囲外,P2,上部14〜20 / ルート[12],ルートの値を正として上部表示を自動生成
sasakogarigaburiyama 笹子雁ヶ腹摺山,,登山口名がどのルートにも出てこない,P1,登山口:笹子峠登山口（笹子駅から徒歩） / ルート:['笹子峠コース'],ルートごとに登山口を紐付け（要確認）
sasakogarigaburiyama 笹子雁ヶ腹摺山,,電車ルートの終点と登山口が不一致,P0,終点:笹子雁ヶ腹摺山登山口 / 登山口:笹子峠登山口（笹子駅から徒歩）,ルート別にアクセスを分ける
sasakogarigaburiyama 笹子雁ヶ腹摺山,,旧い自由記述（trainInfo）が残存,P3,新宿→笹子駅（中央本線特快約1時間）→徒歩5分→登山口,経路データから生成に切替
shodosan_namatate 生藤山,,未移行（旧構造）,P2,山単位の登山口・アクセス,新構造（ルート→登山口→アクセス）へ移行
shodosan_namatate 生藤山,,登山口名がどのルートにも出てこない,P1,登山口:井戸バス停（三国山ルート） / ルート:['井戸コース（周回）'],ルートごとに登山口を紐付け（要確認）
shodosan_namatate 生藤山,,旧い自由記述（trainInfo）が残存,P3,新宿→上野原駅（中央本線特快55分）→バス25分→井戸バス停,経路データから生成に切替
kukiyama 九鬼山,,未移行（旧構造）,P2,山単位の登山口・アクセス,新構造（ルート→登山口→アクセス）へ移行
kukiyama 九鬼山,,登山口名がどのルートにも出てこない,P1,登山口:禾生駅ルート登山口 / ルート:['禾生駅コース（周回）'],ルートごとに登山口を紐付け（要確認）
kukiyama 九鬼山,,電車ルートの終点と登山口が不一致,P0,終点:九鬼山登山口 / 登山口:禾生駅ルート登山口,ルート別にアクセスを分ける
kukiyama 九鬼山,,旧い自由記述（trainInfo）が残存,P3,新宿→大月→禾生駅（富士急行約1時間10分）→徒歩30分→登山口,経路データから生成に切替
mitosaan 三頭山,,未移行（旧構造）,P2,山単位の登山口・アクセス,新構造（ルート→登山口→アクセス）へ移行
mitosaan 三頭山,都民の森コース（周回）,コース定数が上部表示の範囲外,P2,上部18〜30 / ルート[16],ルートの値を正として上部表示を自動生成
mitosaan 三頭山,,旧い自由記述（trainInfo）が残存,P3,新宿→拝島→武蔵五日市駅（JR五日市線約1時間10分）→バス約50分→都民の森,経路データから生成に切替
honitayama 本仁田山,,未移行（旧構造）,P2,山単位の登山口・アクセス,新構造（ルート→登山口→アクセス）へ移行
honitayama 本仁田山,花折戸尾根コース,コース定数が上部表示の範囲外,P2,上部20〜28 / ルート[19],ルートの値を正として上部表示を自動生成
honitayama 本仁田山,,登山口名がどのルートにも出てこない,P1,登山口:花折戸尾根登山口（奥多摩駅から徒歩） / ルート:['花折戸尾根コース'],ルートごとに登山口を紐付け（要確認）
honitayama 本仁田山,,旧い自由記述（trainInfo）が残存,P3,新宿→立川→奥多摩駅（JR青梅線約1時間40分）→徒歩30分→登山口,経路データから生成に切替
hinodesaan 日の出山,,未移行（旧構造）,P2,山単位の登山口・アクセス,新構造（ルート→登山口→アクセス）へ移行
hinodesaan 日の出山,,旧い自由記述（trainInfo）が残存,P3,新宿→立川→御嶽駅（JR青梅線約1時間10分）→バス10分→ケーブルカー→御岳山経由,経路データから生成に切替
sengenrei 浅間嶺,,未移行（旧構造）,P2,山単位の登山口・アクセス,新構造（ルート→登山口→アクセス）へ移行
sengenrei 浅間嶺,,登山口名がどのルートにも出てこない,P1,登山口:払沢の滝入口（浅間尾根登山口） / ルート:['払沢の滝〜浅間嶺〜数馬'],ルートごとに登山口を紐付け（要確認）
sengenrei 浅間嶺,,旧い自由記述（trainInfo）が残存,P3,新宿→拝島→武蔵五日市駅（JR五日市線約1時間）→バス25分→払沢の滝入口,経路データから生成に切替
futagoyama_okumusa 二子山（奥武蔵）,,未移行（旧構造）,P2,山単位の登山口・アクセス,新構造（ルート→登山口→アクセス）へ移行
futagoyama_okumusa 二子山（奥武蔵）,,登山口名がどのルートにも出てこない,P1,登山口:芦ヶ久保駅ルート登山口（徒歩15分） / ルート:['芦ヶ久保駅周回コース'],ルートごとに登山口を紐付け（要確認）
futagoyama_okumusa 二子山（奥武蔵）,,電車ルートの終点と登山口が不一致,P0,終点:二子山登山口 / 登山口:芦ヶ久保駅ルート登山口（徒歩15分）,ルート別にアクセスを分ける
futagoyama_okumusa 二子山（奥武蔵）,,旧い自由記述（trainInfo）が残存,P3,池袋→芦ヶ久保駅（西武秩父線特急レッドアロー約1時間10分）→徒歩15分,経路データから生成に切替
juunigadake 十二ヶ岳,,未移行（旧構造）,P2,山単位の登山口・アクセス,新構造（ルート→登山口→アクセス）へ移行
juunigadake 十二ヶ岳,,旧い自由記述（trainInfo）が残存,P3,新宿→大月→河口湖駅（富士急行約1時間30分）→バス10分→文化洞トンネル,経路データから生成に切替
ishiwariyama 石割山,,未移行（旧構造）,P2,山単位の登山口・アクセス,新構造（ルート→登山口→アクセス）へ移行
ishiwariyama 石割山,,登山口名がどのルートにも出てこない,P1,登山口:石割神社登山口（平野バス停から徒歩15分） / ルート:['石割神社〜石割山〜平尾山周回'],ルートごとに登山口を紐付け（要確認）
ishiwariyama 石割山,,電車ルートの終点と登山口が不一致,P0,終点:山中湖平野バス停 / 登山口:石割神社登山口（平野バス停から徒歩15分）,ルート別にアクセスを分ける
ishiwariyama 石割山,,旧い自由記述（trainInfo）が残存,P3,新宿→大月→河口湖駅（富士急行約1時間30分）→バス30分→山中湖平野,経路データから生成に切替
azumayama_ninomiya 吾妻山,,未移行（旧構造）,P2,山単位の登山口・アクセス,新構造（ルート→登山口→アクセス）へ移行
azumayama_ninomiya 吾妻山,,登山口名がどのルートにも出てこない,P1,登山口:吾妻山公園入口（二宮駅から徒歩） / ルート:['吾妻山公園周回'],ルートごとに登山口を紐付け（要確認）
azumayama_ninomiya 吾妻山,,旧い自由記述（trainInfo）が残存,P3,新宿→二宮駅（東海道線約55分）→徒歩5分→吾妻山公園入口,経路データから生成に切替
hodosan 宝登山,,未移行（旧構造）,P2,山単位の登山口・アクセス,新構造（ルート→登山口→アクセス）へ移行
hodosan 宝登山,,旧い自由記述（trainInfo）が残存,P3,池袋→西武秩父→御花畑→長瀞駅（秩父鉄道約1時間40分）→徒歩30分,経路データから生成に切替
hafuzan_chichibu 破風山,,未移行（旧構造）,P2,山単位の登山口・アクセス,新構造（ルート→登山口→アクセス）へ移行
hafuzan_chichibu 破風山,,地図ボタンなし,P2,https://www.google.com/maps/search/?api=1&query=%E9%A2%A8%E6%88%B8%E7%99%BB%E5%B1%B1%E5%8F%A3%20%E5%9F%BC%E7%8E%89%E7%9C%8C%E7%9A%86%E9%87%8E%E7%94%BA,登山口座標を確認して生成
hafuzan_chichibu 破風山,,登山口名がどのルートにも出てこない,P1,登山口:風戸登山口（皆野駅から徒歩40分） / ルート:['風戸〜破風山〜水潜寺周回'],ルートごとに登山口を紐付け（要確認）
hafuzan_chichibu 破風山,,旧い自由記述（trainInfo）が残存,P3,池袋→西武秩父→御花畑→皆野駅（秩父鉄道約1時間50分）→徒歩,経路データから生成に切替
ranzan_saitama 嵐山,,未移行（旧構造）,P2,山単位の登山口・アクセス,新構造（ルート→登山口→アクセス）へ移行
ranzan_saitama 嵐山,嵐山渓谷ハイキングコース,コース定数が上部表示の範囲外,P2,上部3〜6 / ルート[7],ルートの値を正として上部表示を自動生成
ranzan_saitama 嵐山,,登山口名がどのルートにも出てこない,P1,登山口:嵐山渓谷入口（武蔵嵐山駅から徒歩） / ルート:['嵐山渓谷ハイキングコース'],ルートごとに登山口を紐付け（要確認）
ranzan_saitama 嵐山,,旧い自由記述（trainInfo）が残存,P3,池袋→武蔵嵐山駅（東武東上線急行約55分）→徒歩20分→嵐山渓谷,経路データから生成に切替
kogashiyama 古賀志山,,未移行（旧構造）,P2,山単位の登山口・アクセス,新構造（ルート→登山口→アクセス）へ移行
kogashiyama 古賀志山,,登山口名がどのルートにも出てこない,P1,登山口:宇都宮市森林公園駐車場 / ルート:['中尾根コース（周回）'],ルートごとに登山口を紐付け（要確認）
kogashiyama 古賀志山,,旧い自由記述（trainInfo）が残存,P3,新宿→宇都宮駅（湘南新宿ライン・宇都宮線約1時間52分）→バス約33分→徒歩約46分,経路データから生成に切替
mitsutoge 三ツ峠山,,未移行（旧構造）,P2,山単位の登山口・アクセス,新構造（ルート→登山口→アクセス）へ移行
kamakura_alps 鎌倉アルプス,,未移行（旧構造）,P2,山単位の登山口・アクセス,新構造（ルート→登山口→アクセス）へ移行
kamakura_alps 鎌倉アルプス,天園ハイキングコース（北鎌倉〜鎌倉）,コース定数が上部表示の範囲外,P2,上部4〜8 / ルート[9],ルートの値を正として上部表示を自動生成
kamakura_alps 鎌倉アルプス,,登山口名がどのルートにも出てこない,P1,登山口:天園ハイキングコース入口（北鎌倉駅徒歩10分） / ルート:['天園ハイキングコース（北鎌倉〜鎌倉）'],ルートごとに登山口を紐付け（要確認）
okusuyama 大楠山,,未移行（旧構造）,P2,山単位の登山口・アクセス,新構造（ルート→登山口→アクセス）へ移行
okusuyama 大楠山,阿部倉コース（周回）,コース定数が上部表示の範囲外,P2,上部5〜9 / ルート[11],ルートの値を正として上部表示を自動生成
okusuyama 大楠山,,登山口名がどのルートにも出てこない,P1,登山口:大楠山登山口（逗子駅バス20分） / ルート:['阿部倉コース（周回）'],ルートごとに登山口を紐付け（要確認）
kannokura 官ノ倉山,,未移行（旧構造）,P2,山単位の登山口・アクセス,新構造（ルート→登山口→アクセス）へ移行
kannokura 官ノ倉山,石尊山〜官ノ倉山縦走（周回）,コース定数が上部表示の範囲外,P2,上部5〜9 / ルート[10],ルートの値を正として上部表示を自動生成
kannokura 官ノ倉山,,地図ボタンなし,P2,https://www.google.com/maps/search/?api=1&query=%E5%AE%98%E3%83%8E%E5%80%89%E5%B1%B1%E7%99%BB%E5%B1%B1%E5%8F%A3%20%E5%9F%BC%E7%8E%89%E7%9C%8C%E6%AF%94%E4%BC%81%E9%83%A1%E5%B0%8F%E5%B7%9D%E7%94%BA,登山口座標を確認して生成
kannokura 官ノ倉山,,登山口名がどのルートにも出てこない,P1,登山口:官ノ倉山登山口（パトリアおがわから徒歩20分） / ルート:['石尊山〜官ノ倉山縦走（周回）'],ルートごとに登山口を紐付け（要確認）
azumayasan 四阿山,,未移行（旧構造）,P2,山単位の登山口・アクセス,新構造（ルート→登山口→アクセス）へ移行
azumayasan 四阿山,菅平高原ルート（往復）,コース定数が上部表示の範囲外,P2,"上部24〜30 / ルート[22, 24]",ルートの値を正として上部表示を自動生成
azumayasan 四阿山,,登山口名がどのルートにも出てこない,P1,"登山口:菅平高原牧場 / ルート:['菅平高原ルート（往復）', '根子岳〜四阿山縦走']",ルートごとに登山口を紐付け（要確認）
gozenyama 御前山,,未移行（旧構造）,P2,山単位の登山口・アクセス,新構造（ルート→登山口→アクセス）へ移行
gozenyama 御前山,,地図ボタンなし,P2,https://www.google.com/maps/search/?api=1&query=%E5%A5%A5%E5%A4%9A%E6%91%A9%E6%B9%96%E3%83%90%E3%82%B9%E5%81%9C,登山口座標を確認して生成
gozenyama 御前山,,登山口名がどのルートにも出てこない,P1,"登山口:奥多摩湖バス停 / ルート:['奥多摩湖→サス沢山→惣岳山→山頂→境橋（縦走）', '奥多摩湖→惣岳山→山頂→鋸山→奥多摩駅（縦走）']",ルートごとに登山口を紐付け（要確認）
gozenyama 御前山,,旧い自由記述（trainInfo）が残存,P3,新宿→奥多摩（JR中央線・青梅線・約1時間35分）→奥多摩湖バス停（西東京バス約15分）,経路データから生成に切替
